category,first_page,height,id,image_path,is_already_in_code_library,match_key,matching_group,matching_terms,naming_confidence,notes,page_label,pages,related_handle_label,related_palette_label,source_pdf,visual_name,visual_type_detail,width
editorial_brand_visual,1,1126,print3d-ff8d2aa5522459e2,/home/claw/.hermes/projects/dors-variation-image-library-viewer/archive-images/print3d-ff8d2aa5522459e2.png,no,print3d-ff8d2aa5522459e2,,print3d-ff8d2aa5522459e2 | editorial_brand_visual,raw_id,embedded image asset extracted from PDF,,"1,19",,,dors-cleur-print-3d-catalogue-250402.pdf,print3d-ff8d2aa5522459e2,editorial_brand_visual,911
editorial_brand_visual,2,1126,print3d-df3da1d532171e99,/home/claw/.hermes/projects/dors-variation-image-library-viewer/archive-images/print3d-df3da1d532171e99.png,no,print3d-df3da1d532171e99,,print3d-df3da1d532171e99 | editorial_brand_visual,raw_id,embedded image asset extracted from PDF,,2,,,dors-cleur-print-3d-catalogue-250402.pdf,print3d-df3da1d532171e99,editorial_brand_visual,909
finish_swatch,3,1406,print3d-0f6f97e77b361ed7,/home/claw/.hermes/projects/dors-variation-image-library-viewer/archive-images/print3d-0f6f97e77b361ed7.png,no,print3d-0f6f97e77b361ed7,,print3d-0f6f97e77b361ed7 | finish_swatch,raw_id,embedded image asset extracted from PDF,,3,,Palette / swatch visual,dors-cleur-print-3d-catalogue-250402.pdf,print3d-0f6f97e77b361ed7,finish_swatch,1106
opening_system_or_technical,6,1405,print3d-55c453315e627a7b,/home/claw/.hermes/projects/dors-variation-image-library-viewer/archive-images/print3d-55c453315e627a7b.png,no,print3d-55c453315e627a7b,,print3d-55c453315e627a7b | opening_system_or_technical,raw_id,embedded image asset extracted from PDF,,6,,,dors-cleur-print-3d-catalogue-250402.pdf,print3d-55c453315e627a7b,opening_system_or_technical,1108
opening_system_or_technical,6,929,print3d-7a5225b1523081dd,/home/claw/.hermes/projects/dors-variation-image-library-viewer/archive-images/print3d-7a5225b1523081dd.png,no,print3d-7a5225b1523081dd,,print3d-7a5225b1523081dd | opening_system_or_technical,raw_id,embedded image asset extracted from PDF,,6,,,dors-cleur-print-3d-catalogue-250402.pdf,print3d-7a5225b1523081dd,opening_system_or_technical,699
editorial_brand_visual,7,710,print3d-31b0dd60576c3045,/home/claw/.hermes/projects/dors-variation-image-library-viewer/archive-images/print3d-31b0dd60576c3045.png,no,print3d-31b0dd60576c3045,,print3d-31b0dd60576c3045 | editorial_brand_visual,raw_id,embedded image asset extracted from PDF,,7,,,dors-cleur-print-3d-catalogue-250402.pdf,print3d-31b0dd60576c3045,editorial_brand_visual,1122
editorial_brand_visual,7,1168,print3d-c6403f136e4bbac4,/home/claw/.hermes/projects/dors-variation-image-library-viewer/archive-images/print3d-c6403f136e4bbac4.png,no,print3d-c6403f136e4bbac4,,print3d-c6403f136e4bbac4 | editorial_brand_visual,raw_id,embedded image asset extracted from PDF,,7,,,dors-cleur-print-3d-catalogue-250402.pdf,print3d-c6403f136e4bbac4,editorial_brand_visual,1111
editorial_brand_visual,8,1168,print3d-6de78ce700cce5ce,/home/claw/.hermes/projects/dors-variation-image-library-viewer/archive-images/print3d-6de78ce700cce5ce.png,no,print3d-6de78ce700cce5ce,,print3d-6de78ce700cce5ce | editorial_brand_visual,raw_id,embedded image asset extracted from PDF,,8,,,dors-cleur-print-3d-catalogue-250402.pdf,print3d-6de78ce700cce5ce,editorial_brand_visual,1111
editorial_brand_visual,8,691,print3d-96800e74d9617a25,/home/claw/.hermes/projects/dors-variation-image-library-viewer/archive-images/print3d-96800e74d9617a25.png,no,print3d-96800e74d9617a25,,print3d-96800e74d9617a25 | editorial_brand_visual,raw_id,embedded image asset extracted from PDF,,8,,,dors-cleur-print-3d-catalogue-250402.pdf,print3d-96800e74d9617a25,editorial_brand_visual,1110
editorial_brand_visual,9,133,print3d-0ba38f7256e7c5ec,/home/claw/.hermes/projects/dors-variation-image-library-viewer/archive-images/print3d-0ba38f7256e7c5ec.png,no,print3d-0ba38f7256e7c5ec,,print3d-0ba38f7256e7c5ec | editorial_brand_visual,raw_id,embedded image asset extracted from PDF,,9,,,dors-cleur-print-3d-catalogue-250402.pdf,print3d-0ba38f7256e7c5ec,editorial_brand_visual,169
editorial_brand_visual,9,1168,print3d-7c26b222d514b9a8,/home/claw/.hermes/projects/dors-variation-image-library-viewer/archive-images/print3d-7c26b222d514b9a8.png,no,print3d-7c26b222d514b9a8,,print3d-7c26b222d514b9a8 | editorial_brand_visual,raw_id,embedded image asset extracted from PDF,,9,,,dors-cleur-print-3d-catalogue-250402.pdf,print3d-7c26b222d514b9a8,editorial_brand_visual,1111
editorial_brand_visual,9,133,print3d-a1b89ab814c92e90,/home/claw/.hermes/projects/dors-variation-image-library-viewer/archive-images/print3d-a1b89ab814c92e90.png,no,print3d-a1b89ab814c92e90,,print3d-a1b89ab814c92e90 | editorial_brand_visual,raw_id,embedded image asset extracted from PDF,,9,,,dors-cleur-print-3d-catalogue-250402.pdf,print3d-a1b89ab814c92e90,editorial_brand_visual,163
editorial_brand_visual,9,691,print3d-c606bdaa02250759,/home/claw/.hermes/projects/dors-variation-image-library-viewer/archive-images/print3d-c606bdaa02250759.png,no,print3d-c606bdaa02250759,,print3d-c606bdaa02250759 | editorial_brand_visual,raw_id,embedded image asset extracted from PDF,,9,,,dors-cleur-print-3d-catalogue-250402.pdf,print3d-c606bdaa02250759,editorial_brand_visual,1111
editorial_brand_visual,10,691,print3d-32498981bd9c7548,/home/claw/.hermes/projects/dors-variation-image-library-viewer/archive-images/print3d-32498981bd9c7548.png,no,print3d-32498981bd9c7548,,print3d-32498981bd9c7548 | editorial_brand_visual,raw_id,embedded image asset extracted from PDF,,10,,,dors-cleur-print-3d-catalogue-250402.pdf,print3d-32498981bd9c7548,editorial_brand_visual,1110
editorial_brand_visual,10,1168,print3d-cca58d859c9a2c57,/home/claw/.hermes/projects/dors-variation-image-library-viewer/archive-images/print3d-cca58d859c9a2c57.png,no,print3d-cca58d859c9a2c57,,print3d-cca58d859c9a2c57 | editorial_brand_visual,raw_id,embedded image asset extracted from PDF,,10,,,dors-cleur-print-3d-catalogue-250402.pdf,print3d-cca58d859c9a2c57,editorial_brand_visual,1111
editorial_brand_visual,11,133,print3d-4a90fde05532a5de,/home/claw/.hermes/projects/dors-variation-image-library-viewer/archive-images/print3d-4a90fde05532a5de.png,no,print3d-4a90fde05532a5de,,print3d-4a90fde05532a5de | editorial_brand_visual,raw_id,embedded image asset extracted from PDF,,11,,,dors-cleur-print-3d-catalogue-250402.pdf,print3d-4a90fde05532a5de,editorial_brand_visual,169
editorial_brand_visual,11,133,print3d-56ac5606453ad5aa,/home/claw/.hermes/projects/dors-variation-image-library-viewer/archive-images/print3d-56ac5606453ad5aa.png,no,print3d-56ac5606453ad5aa,,print3d-56ac5606453ad5aa | editorial_brand_visual,raw_id,embedded image asset extracted from PDF,,11,,,dors-cleur-print-3d-catalogue-250402.pdf,print3d-56ac5606453ad5aa,editorial_brand_visual,163
editorial_brand_visual,11,710,print3d-59f7fd80eed5257f,/home/claw/.hermes/projects/dors-variation-image-library-viewer/archive-images/print3d-59f7fd80eed5257f.png,no,print3d-59f7fd80eed5257f,,print3d-59f7fd80eed5257f | editorial_brand_visual,raw_id,embedded image asset extracted from PDF,,11,,,dors-cleur-print-3d-catalogue-250402.pdf,print3d-59f7fd80eed5257f,editorial_brand_visual,1123
editorial_brand_visual,11,1168,print3d-92160cbfe6a749d9,/home/claw/.hermes/projects/dors-variation-image-library-viewer/archive-images/print3d-92160cbfe6a749d9.png,no,print3d-92160cbfe6a749d9,,print3d-92160cbfe6a749d9 | editorial_brand_visual,raw_id,embedded image asset extracted from PDF,,11,,,dors-cleur-print-3d-catalogue-250402.pdf,print3d-92160cbfe6a749d9,editorial_brand_visual,1111
editorial_brand_visual,12,453,print3d-087993eee542c350,/home/claw/.hermes/projects/dors-variation-image-library-viewer/archive-images/print3d-087993eee542c350.png,no,print3d-087993eee542c350,,print3d-087993eee542c350 | editorial_brand_visual,raw_id,embedded image asset extracted from PDF,,12,,,dors-cleur-print-3d-catalogue-250402.pdf,print3d-087993eee542c350,editorial_brand_visual,431
editorial_brand_visual,12,453,print3d-1221430322630a54,/home/claw/.hermes/projects/dors-variation-image-library-viewer/archive-images/print3d-1221430322630a54.png,no,print3d-1221430322630a54,,print3d-1221430322630a54 | editorial_brand_visual,raw_id,embedded image asset extracted from PDF,,12,,,dors-cleur-print-3d-catalogue-250402.pdf,print3d-1221430322630a54,editorial_brand_visual,431
editorial_brand_visual,12,453,print3d-3a1ce03bb08ba15c,/home/claw/.hermes/projects/dors-variation-image-library-viewer/archive-images/print3d-3a1ce03bb08ba15c.png,no,print3d-3a1ce03bb08ba15c,,print3d-3a1ce03bb08ba15c | editorial_brand_visual,raw_id,embedded image asset extracted from PDF,,12,,,dors-cleur-print-3d-catalogue-250402.pdf,print3d-3a1ce03bb08ba15c,editorial_brand_visual,431
editorial_brand_visual,12,453,print3d-4a7143f6dedf6c94,/home/claw/.hermes/projects/dors-variation-image-library-viewer/archive-images/print3d-4a7143f6dedf6c94.png,no,print3d-4a7143f6dedf6c94,,print3d-4a7143f6dedf6c94 | editorial_brand_visual,raw_id,embedded image asset extracted from PDF,,12,,,dors-cleur-print-3d-catalogue-250402.pdf,print3d-4a7143f6dedf6c94,editorial_brand_visual,431
editorial_brand_visual,12,453,print3d-9cc7651a0fec2b59,/home/claw/.hermes/projects/dors-variation-image-library-viewer/archive-images/print3d-9cc7651a0fec2b59.png,no,print3d-9cc7651a0fec2b59,,print3d-9cc7651a0fec2b59 | editorial_brand_visual,raw_id,embedded image asset extracted from PDF,,12,,,dors-cleur-print-3d-catalogue-250402.pdf,print3d-9cc7651a0fec2b59,editorial_brand_visual,431
editorial_brand_visual,15,400,print3d-0d6d2e0c4914e1c7,/home/claw/.hermes/projects/dors-variation-image-library-viewer/archive-images/print3d-0d6d2e0c4914e1c7.png,no,print3d-0d6d2e0c4914e1c7,,print3d-0d6d2e0c4914e1c7 | editorial_brand_visual,raw_id,embedded image asset extracted from PDF,,15,,,dors-cleur-print-3d-catalogue-250402.pdf,print3d-0d6d2e0c4914e1c7,editorial_brand_visual,169
editorial_brand_visual,15,228,print3d-4330b3e05dcac290,/home/claw/.hermes/projects/dors-variation-image-library-viewer/archive-images/print3d-4330b3e05dcac290.png,no,print3d-4330b3e05dcac290,,print3d-4330b3e05dcac290 | editorial_brand_visual,raw_id,embedded image asset extracted from PDF,,15,,,dors-cleur-print-3d-catalogue-250402.pdf,print3d-4330b3e05dcac290,editorial_brand_visual,268
editorial_brand_visual,15,400,print3d-8370b7b98e8979d5,/home/claw/.hermes/projects/dors-variation-image-library-viewer/archive-images/print3d-8370b7b98e8979d5.png,no,print3d-8370b7b98e8979d5,,print3d-8370b7b98e8979d5 | editorial_brand_visual,raw_id,embedded image asset extracted from PDF,,15,,,dors-cleur-print-3d-catalogue-250402.pdf,print3d-8370b7b98e8979d5,editorial_brand_visual,400
editorial_brand_visual,15,400,print3d-83ba3ff664532561,/home/claw/.hermes/projects/dors-variation-image-library-viewer/archive-images/print3d-83ba3ff664532561.png,no,print3d-83ba3ff664532561,,print3d-83ba3ff664532561 | editorial_brand_visual,raw_id,embedded image asset extracted from PDF,,15,,,dors-cleur-print-3d-catalogue-250402.pdf,print3d-83ba3ff664532561,editorial_brand_visual,400
editorial_brand_visual,15,858,print3d-b51bfa74abe41a24,/home/claw/.hermes/projects/dors-variation-image-library-viewer/archive-images/print3d-b51bfa74abe41a24.png,no,print3d-b51bfa74abe41a24,,print3d-b51bfa74abe41a24 | editorial_brand_visual,raw_id,embedded image asset extracted from PDF,,15,,,dors-cleur-print-3d-catalogue-250402.pdf,print3d-b51bfa74abe41a24,editorial_brand_visual,544
editorial_brand_visual,15,228,print3d-bd3f96363669bf12,/home/claw/.hermes/projects/dors-variation-image-library-viewer/archive-images/print3d-bd3f96363669bf12.png,no,print3d-bd3f96363669bf12,,print3d-bd3f96363669bf12 | editorial_brand_visual,raw_id,embedded image asset extracted from PDF,,15,,,dors-cleur-print-3d-catalogue-250402.pdf,print3d-bd3f96363669bf12,editorial_brand_visual,268
finish_swatch,17,97,print3d-0a0030d4434b8110,/home/claw/.hermes/projects/dors-variation-image-library-viewer/archive-images/print3d-0a0030d4434b8110.png,no,willy,print3d-handle-programme,Willy | print3d-handle-programme | named_handle_visual,ordered_from_ocr,embedded image asset extracted from PDF,Print 3D handle & finish spread,17,Print 3D interior handle programme,Cleur Print 3D brand palette,dors-cleur-print-3d-catalogue-250402.pdf,Willy,named_handle_visual,245
finish_swatch,17,438,print3d-1c4027d0115c41a1,/home/claw/.hermes/projects/dors-variation-image-library-viewer/archive-images/print3d-1c4027d0115c41a1.png,no,willy alu,print3d-handle-programme,Willy Alu | print3d-handle-programme | named_handle_visual,ordered_from_ocr,embedded image asset extracted from PDF,Print 3D handle & finish spread,17,Print 3D interior handle programme,Cleur Print 3D brand palette,dors-cleur-print-3d-catalogue-250402.pdf,Willy Alu,named_handle_visual,541
finish_swatch,17,115,print3d-35122217651dbc1a,/home/claw/.hermes/projects/dors-variation-image-library-viewer/archive-images/print3d-35122217651dbc1a.png,no,orione alu,print3d-handle-programme,Orione Alu | print3d-handle-programme | named_handle_visual,ordered_from_ocr,embedded image asset extracted from PDF,Print 3D handle & finish spread,17,Print 3D interior handle programme,Cleur Print 3D brand palette,dors-cleur-print-3d-catalogue-250402.pdf,Orione Alu,named_handle_visual,260
finish_swatch,17,103,print3d-41d293ca2c88ac2a,/home/claw/.hermes/projects/dors-variation-image-library-viewer/archive-images/print3d-41d293ca2c88ac2a.png,no,orione,print3d-handle-programme,Orione | print3d-handle-programme | named_handle_visual,ordered_from_ocr,embedded image asset extracted from PDF,Print 3D handle & finish spread,17,Print 3D interior handle programme,Cleur Print 3D brand palette,dors-cleur-print-3d-catalogue-250402.pdf,Orione,named_handle_visual,255
finish_swatch,17,114,print3d-4bb3af40fee28183,/home/claw/.hermes/projects/dors-variation-image-library-viewer/archive-images/print3d-4bb3af40fee28183.png,no,economy - tondo,print3d-handle-programme,Economy — Tondo | print3d-handle-programme | named_handle_visual,ordered_from_ocr,embedded image asset extracted from PDF,Print 3D handle & finish spread,17,Print 3D interior handle programme,Cleur Print 3D brand palette,dors-cleur-print-3d-catalogue-250402.pdf,Economy — Tondo,named_handle_visual,244
finish_swatch,17,118,print3d-5791490252570d13,/home/claw/.hermes/projects/dors-variation-image-library-viewer/archive-images/print3d-5791490252570d13.png,no,economy - quadro,print3d-handle-programme,Economy — Quadro | print3d-handle-programme | named_handle_visual,ordered_from_ocr,embedded image asset extracted from PDF,Print 3D handle & finish spread,17,Print 3D interior handle programme,Cleur Print 3D brand palette,dors-cleur-print-3d-catalogue-250402.pdf,Economy — Quadro,named_handle_visual,260
finish_swatch,17,106,print3d-5ef3f81ff988c401,/home/claw/.hermes/projects/dors-variation-image-library-viewer/archive-images/print3d-5ef3f81ff988c401.png,no,circular,print3d-handle-programme,Circular | print3d-handle-programme | named_handle_visual,ordered_from_ocr,embedded image asset extracted from PDF,Print 3D handle & finish spread,17,Print 3D interior handle programme,Cleur Print 3D brand palette,dors-cleur-print-3d-catalogue-250402.pdf,Circular,named_handle_visual,236
finish_swatch,17,108,print3d-64eb7632e03feeee,/home/claw/.hermes/projects/dors-variation-image-library-viewer/archive-images/print3d-64eb7632e03feeee.png,no,ibla,print3d-handle-programme,Ibla | print3d-handle-programme | named_handle_visual,ordered_from_ocr,embedded image asset extracted from PDF,Print 3D handle & finish spread,17,Print 3D interior handle programme,Cleur Print 3D brand palette,dors-cleur-print-3d-catalogue-250402.pdf,Ibla,named_handle_visual,233
finish_swatch,17,103,print3d-6b96de32f7003071,/home/claw/.hermes/projects/dors-variation-image-library-viewer/archive-images/print3d-6b96de32f7003071.png,no,leroi,print3d-handle-programme,Leroi | print3d-handle-programme | named_handle_visual,ordered_from_ocr,embedded image asset extracted from PDF,Print 3D handle & finish spread,17,Print 3D interior handle programme,Cleur Print 3D brand palette,dors-cleur-print-3d-catalogue-250402.pdf,Leroi,named_handle_visual,248
finish_swatch,17,105,print3d-7b52ea3829a6b212,/home/claw/.hermes/projects/dors-variation-image-library-viewer/archive-images/print3d-7b52ea3829a6b212.png,no,impero,print3d-handle-programme,Impero | print3d-handle-programme | named_handle_visual,ordered_from_ocr,embedded image asset extracted from PDF,Print 3D handle & finish spread,17,Print 3D interior handle programme,Cleur Print 3D brand palette,dors-cleur-print-3d-catalogue-250402.pdf,Impero,named_handle_visual,240
finish_swatch,17,114,print3d-80301094dd9cdb4c,/home/claw/.hermes/projects/dors-variation-image-library-viewer/archive-images/print3d-80301094dd9cdb4c.png,no,quadra 2 h6,print3d-handle-programme,Quadra 2 H6 | print3d-handle-programme | named_handle_visual,ordered_from_ocr,embedded image asset extracted from PDF,Print 3D handle & finish spread,17,Print 3D interior handle programme,Cleur Print 3D brand palette,dors-cleur-print-3d-catalogue-250402.pdf,Quadra 2 H6,named_handle_visual,250
finish_swatch,17,114,print3d-8e7152885ff08981,/home/claw/.hermes/projects/dors-variation-image-library-viewer/archive-images/print3d-8e7152885ff08981.png,no,one q h6,print3d-handle-programme,One Q H6 | print3d-handle-programme | named_handle_visual,ordered_from_ocr,embedded image asset extracted from PDF,Print 3D handle & finish spread,17,Print 3D interior handle programme,Cleur Print 3D brand palette,dors-cleur-print-3d-catalogue-250402.pdf,One Q H6,named_handle_visual,255
finish_swatch,17,114,print3d-90876c9e5a855c0e,/home/claw/.hermes/projects/dors-variation-image-library-viewer/archive-images/print3d-90876c9e5a855c0e.png,no,square h6,print3d-handle-programme,Square H6 | print3d-handle-programme | named_handle_visual,ordered_from_ocr,embedded image asset extracted from PDF,Print 3D handle & finish spread,17,Print 3D interior handle programme,Cleur Print 3D brand palette,dors-cleur-print-3d-catalogue-250402.pdf,Square H6,named_handle_visual,251
finish_swatch,17,126,print3d-a358598b48b2483c,/home/claw/.hermes/projects/dors-variation-image-library-viewer/archive-images/print3d-a358598b48b2483c.png,no,fair,print3d-handle-programme,Fair | print3d-handle-programme | named_handle_visual,ordered_from_ocr,embedded image asset extracted from PDF,Print 3D handle & finish spread,17,Print 3D interior handle programme,Cleur Print 3D brand palette,dors-cleur-print-3d-catalogue-250402.pdf,Fair,named_handle_visual,244
finish_swatch,17,136,print3d-aa085a666c9a06ee,/home/claw/.hermes/projects/dors-variation-image-library-viewer/archive-images/print3d-aa085a666c9a06ee.png,no,insert q,print3d-handle-programme,Insert Q | print3d-handle-programme | named_handle_visual,ordered_from_ocr,embedded image asset extracted from PDF,Print 3D handle & finish spread,17,Print 3D interior handle programme,Cleur Print 3D brand palette,dors-cleur-print-3d-catalogue-250402.pdf,Insert Q,named_handle_visual,260
finish_swatch,17,92,print3d-c435cf02b55631ba,/home/claw/.hermes/projects/dors-variation-image-library-viewer/archive-images/print3d-c435cf02b55631ba.png,no,teck 2,print3d-handle-programme,Teck 2 | print3d-handle-programme | named_handle_visual,ordered_from_ocr,embedded image asset extracted from PDF,Print 3D handle & finish spread,17,Print 3D interior handle programme,Cleur Print 3D brand palette,dors-cleur-print-3d-catalogue-250402.pdf,Teck 2,named_handle_visual,244
finish_swatch,17,113,print3d-c782d2f6235ea58d,/home/claw/.hermes/projects/dors-variation-image-library-viewer/archive-images/print3d-c782d2f6235ea58d.png,no,kind q h6,print3d-handle-programme,Kind Q H6 | print3d-handle-programme | named_handle_visual,ordered_from_ocr,embedded image asset extracted from PDF,Print 3D handle & finish spread,17,Print 3D interior handle programme,Cleur Print 3D brand palette,dors-cleur-print-3d-catalogue-250402.pdf,Kind Q H6,named_handle_visual,250
finish_swatch,17,437,print3d-c7af05646312341a,/home/claw/.hermes/projects/dors-variation-image-library-viewer/archive-images/print3d-c7af05646312341a.png,no,next,print3d-handle-programme,Next | print3d-handle-programme | named_handle_visual,ordered_from_ocr,embedded image asset extracted from PDF,Print 3D handle & finish spread,17,Print 3D interior handle programme,Cleur Print 3D brand palette,dors-cleur-print-3d-catalogue-250402.pdf,Next,named_handle_visual,543
finish_swatch,17,108,print3d-dbe1716af36abfa5,/home/claw/.hermes/projects/dors-variation-image-library-viewer/archive-images/print3d-dbe1716af36abfa5.png,no,torque,print3d-handle-programme,Torque | print3d-handle-programme | named_handle_visual,ordered_from_ocr,embedded image asset extracted from PDF,Print 3D handle & finish spread,17,Print 3D interior handle programme,Cleur Print 3D brand palette,dors-cleur-print-3d-catalogue-250402.pdf,Torque,named_handle_visual,233
finish_swatch,17,86,print3d-e20635ea0cb0da8e,/home/claw/.hermes/projects/dors-variation-image-library-viewer/archive-images/print3d-e20635ea0cb0da8e.png,no,galaxy,print3d-handle-programme,Galaxy | print3d-handle-programme | named_handle_visual,ordered_from_ocr,embedded image asset extracted from PDF,Print 3D handle & finish spread,17,Print 3D interior handle programme,Cleur Print 3D brand palette,dors-cleur-print-3d-catalogue-250402.pdf,Galaxy,named_handle_visual,217
finish_swatch,17,115,print3d-e27afacf112175e6,/home/claw/.hermes/projects/dors-variation-image-library-viewer/archive-images/print3d-e27afacf112175e6.png,no,pattern,print3d-handle-programme,Pattern | print3d-handle-programme | named_handle_visual,ordered_from_ocr,embedded image asset extracted from PDF,Print 3D handle & finish spread,17,Print 3D interior handle programme,Cleur Print 3D brand palette,dors-cleur-print-3d-catalogue-250402.pdf,Pattern,named_handle_visual,244
finish_swatch,17,108,print3d-e6189283f35b8789,/home/claw/.hermes/projects/dors-variation-image-library-viewer/archive-images/print3d-e6189283f35b8789.png,no,onda,print3d-handle-programme,Onda | print3d-handle-programme | named_handle_visual,ordered_from_ocr,embedded image asset extracted from PDF,Print 3D handle & finish spread,17,Print 3D interior handle programme,Cleur Print 3D brand palette,dors-cleur-print-3d-catalogue-250402.pdf,Onda,named_handle_visual,255
finish_swatch,18,1126,print3d-6905adf343658745,/home/claw/.hermes/projects/dors-variation-image-library-viewer/archive-images/print3d-6905adf343658745.png,no,cleur-print-3d-colour-board,print3d-colour-board,Cleur Print 3D colour board | Cleur Print 3D brand palette | colour board,page_level,embedded image asset extracted from PDF,,18,,Palette / swatch visual,dors-cleur-print-3d-catalogue-250402.pdf,Cleur Print 3D colour board,colour_board,911
editorial_brand_visual,1,1126,general-ff8d2aa5522459e2,/home/claw/.hermes/projects/dors-variation-image-library-viewer/archive-images/general-ff8d2aa5522459e2.png,no,general-ff8d2aa5522459e2,,general-ff8d2aa5522459e2 | editorial_brand_visual,raw_id,embedded image asset extracted from PDF,,"1,43",,,dors-general-catalogue-250605.pdf,general-ff8d2aa5522459e2,editorial_brand_visual,911
editorial_brand_visual,2,1126,general-df3da1d532171e99,/home/claw/.hermes/projects/dors-variation-image-library-viewer/archive-images/general-df3da1d532171e99.png,no,general-df3da1d532171e99,,general-df3da1d532171e99 | editorial_brand_visual,raw_id,embedded image asset extracted from PDF,,2,,,dors-general-catalogue-250605.pdf,general-df3da1d532171e99,editorial_brand_visual,909
finish_swatch,3,1406,general-0f6f97e77b361ed7,/home/claw/.hermes/projects/dors-variation-image-library-viewer/archive-images/general-0f6f97e77b361ed7.png,no,general-0f6f97e77b361ed7,,general-0f6f97e77b361ed7 | finish_swatch,raw_id,embedded image asset extracted from PDF,,3,,Palette / swatch visual,dors-general-catalogue-250605.pdf,general-0f6f97e77b361ed7,finish_swatch,1106
finish_swatch,7,260,general-180d86e06fe63aa6,/home/claw/.hermes/projects/dors-variation-image-library-viewer/archive-images/general-180d86e06fe63aa6.png,no,palissandro grigio d304,lamina-finish-swatches,Palissandro Grigio (D304) | lamina-finish-swatches | named_finish_swatch,ordered_from_ocr_partial_page_match,embedded image asset extracted from PDF,Lamina finish board,7,,Lamina finish palette,dors-general-catalogue-250605.pdf,Palissandro Grigio (D304),named_finish_swatch,256
finish_swatch,7,258,general-847c09e99d41938f,/home/claw/.hermes/projects/dors-variation-image-library-viewer/archive-images/general-847c09e99d41938f.png,no,olmo d305,lamina-finish-swatches,Olmo (D305) | lamina-finish-swatches | named_finish_swatch,ordered_from_ocr_partial_page_match,embedded image asset extracted from PDF,Lamina finish board,7,,Lamina finish palette,dors-general-catalogue-250605.pdf,Olmo (D305),named_finish_swatch,256
finish_swatch,7,260,general-95d190bc0d5180f7,/home/claw/.hermes/projects/dors-variation-image-library-viewer/archive-images/general-95d190bc0d5180f7.png,no,noce alther d306,lamina-finish-swatches,Noce Alther (D306) | lamina-finish-swatches | named_finish_swatch,ordered_from_ocr_partial_page_match,embedded image asset extracted from PDF,Lamina finish board,7,,Lamina finish palette,dors-general-catalogue-250605.pdf,Noce Alther (D306),named_finish_swatch,260
finish_swatch,7,260,general-9ea534b2b5c8a002,/home/claw/.hermes/projects/dors-variation-image-library-viewer/archive-images/general-9ea534b2b5c8a002.png,no,bianco d300,lamina-finish-swatches,Bianco (D300) | lamina-finish-swatches | named_finish_swatch,ordered_from_ocr_partial_page_match,embedded image asset extracted from PDF,Lamina finish board,7,,Lamina finish palette,dors-general-catalogue-250605.pdf,Bianco (D300),named_finish_swatch,260
finish_swatch,7,259,general-a116b36be7ff44dd,/home/claw/.hermes/projects/dors-variation-image-library-viewer/archive-images/general-a116b36be7ff44dd.png,no,noce tanganica d307,lamina-finish-swatches,Noce Tanganica (D307) | lamina-finish-swatches | named_finish_swatch,ordered_from_ocr_partial_page_match,embedded image asset extracted from PDF,Lamina finish board,7,,Lamina finish palette,dors-general-catalogue-250605.pdf,Noce Tanganica (D307),named_finish_swatch,259
finish_swatch,7,260,general-b56e0b1d50ca8b68,/home/claw/.hermes/projects/dors-variation-image-library-viewer/archive-images/general-b56e0b1d50ca8b68.png,no,noce nazionale d308,lamina-finish-swatches,Noce Nazionale (D308) | lamina-finish-swatches | named_finish_swatch,ordered_from_ocr_partial_page_match,embedded image asset extracted from PDF,Lamina finish board,7,,Lamina finish palette,dors-general-catalogue-250605.pdf,Noce Nazionale (D308),named_finish_swatch,260
finish_swatch,7,260,general-b6c9d3a1442d3e2a,/home/claw/.hermes/projects/dors-variation-image-library-viewer/archive-images/general-b6c9d3a1442d3e2a.png,no,cashmere d101,lamina-finish-swatches,Cashmere (D101) | lamina-finish-swatches | named_finish_swatch,ordered_from_ocr_partial_page_match,embedded image asset extracted from PDF,Lamina finish board,7,,Lamina finish palette,dors-general-catalogue-250605.pdf,Cashmere (D101),named_finish_swatch,260
finish_swatch,7,310,general-bc3bb31da51c2276,/home/claw/.hermes/projects/dors-variation-image-library-viewer/archive-images/general-bc3bb31da51c2276.png,no,light grey d100,lamina-finish-swatches,Light Grey (D100) | lamina-finish-swatches | named_finish_swatch,ordered_from_ocr_partial_page_match,embedded image asset extracted from PDF,Lamina finish board,7,,Lamina finish palette,dors-general-catalogue-250605.pdf,Light Grey (D100),named_finish_swatch,310
finish_swatch,7,260,general-d090fbf8cb94734b,/home/claw/.hermes/projects/dors-variation-image-library-viewer/archive-images/general-d090fbf8cb94734b.png,no,bianco dors d001,lamina-finish-swatches,Bianco Dors (D001) | lamina-finish-swatches | named_finish_swatch,ordered_from_ocr_partial_page_match,embedded image asset extracted from PDF,Lamina finish board,7,,Lamina finish palette,dors-general-catalogue-250605.pdf,Bianco Dors (D001),named_finish_swatch,260
editorial_brand_visual,8,1689,general-ef75b31bebd4bc29,/home/claw/.hermes/projects/dors-variation-image-library-viewer/archive-images/general-ef75b31bebd4bc29.png,no,general-ef75b31bebd4bc29,,general-ef75b31bebd4bc29 | editorial_brand_visual,raw_id,embedded image asset extracted from PDF,,8,,,dors-general-catalogue-250605.pdf,general-ef75b31bebd4bc29,editorial_brand_visual,2201
editorial_brand_visual,9,1689,general-8441b02439a17e44,/home/claw/.hermes/projects/dors-variation-image-library-viewer/archive-images/general-8441b02439a17e44.png,no,general-8441b02439a17e44,,general-8441b02439a17e44 | editorial_brand_visual,raw_id,embedded image asset extracted from PDF,,9,,,dors-general-catalogue-250605.pdf,general-8441b02439a17e44,editorial_brand_visual,2182
editorial_brand_visual,11,1689,general-dde3e18265daa451,/home/claw/.hermes/projects/dors-variation-image-library-viewer/archive-images/general-dde3e18265daa451.png,no,general-dde3e18265daa451,,general-dde3e18265daa451 | editorial_brand_visual,raw_id,embedded image asset extracted from PDF,,11,,,dors-general-catalogue-250605.pdf,general-dde3e18265daa451,editorial_brand_visual,2173
editorial_brand_visual,15,1689,general-73c760a4b7670156,/home/claw/.hermes/projects/dors-variation-image-library-viewer/archive-images/general-73c760a4b7670156.png,no,general-73c760a4b7670156,,general-73c760a4b7670156 | editorial_brand_visual,raw_id,embedded image asset extracted from PDF,,15,,,dors-general-catalogue-250605.pdf,general-73c760a4b7670156,editorial_brand_visual,2202
editorial_brand_visual,16,1689,general-f68c9eb3308bea6c,/home/claw/.hermes/projects/dors-variation-image-library-viewer/archive-images/general-f68c9eb3308bea6c.png,no,general-f68c9eb3308bea6c,,general-f68c9eb3308bea6c | editorial_brand_visual,raw_id,embedded image asset extracted from PDF,,16,,,dors-general-catalogue-250605.pdf,general-f68c9eb3308bea6c,editorial_brand_visual,2202
editorial_brand_visual,18,1689,general-c36d4e6c389511f5,/home/claw/.hermes/projects/dors-variation-image-library-viewer/archive-images/general-c36d4e6c389511f5.png,no,general-c36d4e6c389511f5,,general-c36d4e6c389511f5 | editorial_brand_visual,raw_id,embedded image asset extracted from PDF,,18,,,dors-general-catalogue-250605.pdf,general-c36d4e6c389511f5,editorial_brand_visual,1366
editorial_brand_visual,18,927,general-e285be26dcf73ef0,/home/claw/.hermes/projects/dors-variation-image-library-viewer/archive-images/general-e285be26dcf73ef0.png,no,general-e285be26dcf73ef0,,general-e285be26dcf73ef0 | editorial_brand_visual,raw_id,embedded image asset extracted from PDF,,18,,,dors-general-catalogue-250605.pdf,general-e285be26dcf73ef0,editorial_brand_visual,699
editorial_brand_visual,19,691,general-0d76696951e32a3b,/home/claw/.hermes/projects/dors-variation-image-library-viewer/archive-images/general-0d76696951e32a3b.png,no,general-0d76696951e32a3b,,general-0d76696951e32a3b | editorial_brand_visual,raw_id,embedded image asset extracted from PDF,,19,,,dors-general-catalogue-250605.pdf,general-0d76696951e32a3b,editorial_brand_visual,711
editorial_brand_visual,19,1689,general-8b8870f099af2e81,/home/claw/.hermes/projects/dors-variation-image-library-viewer/archive-images/general-8b8870f099af2e81.png,no,general-8b8870f099af2e81,,general-8b8870f099af2e81 | editorial_brand_visual,raw_id,embedded image asset extracted from PDF,,19,,,dors-general-catalogue-250605.pdf,general-8b8870f099af2e81,editorial_brand_visual,1366
editorial_brand_visual,19,691,general-c8cd09dac251c1c2,/home/claw/.hermes/projects/dors-variation-image-library-viewer/archive-images/general-c8cd09dac251c1c2.png,no,general-c8cd09dac251c1c2,,general-c8cd09dac251c1c2 | editorial_brand_visual,raw_id,embedded image asset extracted from PDF,,19,,,dors-general-catalogue-250605.pdf,general-c8cd09dac251c1c2,editorial_brand_visual,711
editorial_brand_visual,21,691,general-0704f0822038d0a6,/home/claw/.hermes/projects/dors-variation-image-library-viewer/archive-images/general-0704f0822038d0a6.png,no,general-0704f0822038d0a6,,general-0704f0822038d0a6 | editorial_brand_visual,raw_id,embedded image asset extracted from PDF,,21,,,dors-general-catalogue-250605.pdf,general-0704f0822038d0a6,editorial_brand_visual,699
editorial_brand_visual,21,691,general-0e66270a4dc2ab0b,/home/claw/.hermes/projects/dors-variation-image-library-viewer/archive-images/general-0e66270a4dc2ab0b.png,no,general-0e66270a4dc2ab0b,,general-0e66270a4dc2ab0b | editorial_brand_visual,raw_id,embedded image asset extracted from PDF,,21,,,dors-general-catalogue-250605.pdf,general-0e66270a4dc2ab0b,editorial_brand_visual,699
editorial_brand_visual,21,1689,general-54864f35ca32f0f9,/home/claw/.hermes/projects/dors-variation-image-library-viewer/archive-images/general-54864f35ca32f0f9.png,no,general-54864f35ca32f0f9,,general-54864f35ca32f0f9 | editorial_brand_visual,raw_id,embedded image asset extracted from PDF,,21,,,dors-general-catalogue-250605.pdf,general-54864f35ca32f0f9,editorial_brand_visual,1366
editorial_brand_visual,25,520,general-97ad6a045d070cb4,/home/claw/.hermes/projects/dors-variation-image-library-viewer/archive-images/general-97ad6a045d070cb4.png,no,general-97ad6a045d070cb4,,general-97ad6a045d070cb4 | editorial_brand_visual,raw_id,embedded image asset extracted from PDF,,25,,,dors-general-catalogue-250605.pdf,general-97ad6a045d070cb4,editorial_brand_visual,544
editorial_brand_visual,25,858,general-b51bfa74abe41a24,/home/claw/.hermes/projects/dors-variation-image-library-viewer/archive-images/general-b51bfa74abe41a24.png,no,general-b51bfa74abe41a24,,general-b51bfa74abe41a24 | editorial_brand_visual,raw_id,embedded image asset extracted from PDF,,25,,,dors-general-catalogue-250605.pdf,general-b51bfa74abe41a24,editorial_brand_visual,544
editorial_brand_visual,25,520,general-c5f150aff1fe9b0a,/home/claw/.hermes/projects/dors-variation-image-library-viewer/archive-images/general-c5f150aff1fe9b0a.png,no,general-c5f150aff1fe9b0a,,general-c5f150aff1fe9b0a | editorial_brand_visual,raw_id,embedded image asset extracted from PDF,,25,,,dors-general-catalogue-250605.pdf,general-c5f150aff1fe9b0a,editorial_brand_visual,501
opening_system_or_technical,26,859,general-289b43fc8c30398e,/home/claw/.hermes/projects/dors-variation-image-library-viewer/archive-images/general-289b43fc8c30398e.png,no,general-289b43fc8c30398e,,general-289b43fc8c30398e | opening_system_or_technical,raw_id,embedded image asset extracted from PDF,,26,,,dors-general-catalogue-250605.pdf,general-289b43fc8c30398e,opening_system_or_technical,543
opening_system_or_technical,26,1689,general-cc034d7c5e1a3174,/home/claw/.hermes/projects/dors-variation-image-library-viewer/archive-images/general-cc034d7c5e1a3174.png,no,general-cc034d7c5e1a3174,,general-cc034d7c5e1a3174 | opening_system_or_technical,raw_id,embedded image asset extracted from PDF,,26,,,dors-general-catalogue-250605.pdf,general-cc034d7c5e1a3174,opening_system_or_technical,1366
opening_system_or_technical,27,853,general-44511964c29dcc3e,/home/claw/.hermes/projects/dors-variation-image-library-viewer/archive-images/general-44511964c29dcc3e.png,no,general-44511964c29dcc3e,,general-44511964c29dcc3e | opening_system_or_technical,raw_id,embedded image asset extracted from PDF,,27,,,dors-general-catalogue-250605.pdf,general-44511964c29dcc3e,opening_system_or_technical,544
opening_system_or_technical,27,1689,general-85d60635e8a20fc5,/home/claw/.hermes/projects/dors-variation-image-library-viewer/archive-images/general-85d60635e8a20fc5.png,no,general-85d60635e8a20fc5,,general-85d60635e8a20fc5 | opening_system_or_technical,raw_id,embedded image asset extracted from PDF,,27,,,dors-general-catalogue-250605.pdf,general-85d60635e8a20fc5,opening_system_or_technical,1366
opening_system_or_technical,27,853,general-e36f3c19baad4cb9,/home/claw/.hermes/projects/dors-variation-image-library-viewer/archive-images/general-e36f3c19baad4cb9.png,no,general-e36f3c19baad4cb9,,general-e36f3c19baad4cb9 | opening_system_or_technical,raw_id,embedded image asset extracted from PDF,,27,,,dors-general-catalogue-250605.pdf,general-e36f3c19baad4cb9,opening_system_or_technical,544
opening_system_or_technical,28,813,general-04611b7bd6f31313,/home/claw/.hermes/projects/dors-variation-image-library-viewer/archive-images/general-04611b7bd6f31313.png,no,general-04611b7bd6f31313,,general-04611b7bd6f31313 | opening_system_or_technical,raw_id,embedded image asset extracted from PDF,,28,,,dors-general-catalogue-250605.pdf,general-04611b7bd6f31313,opening_system_or_technical,827
opening_system_or_technical,28,813,general-0e44b748c4aae1f7,/home/claw/.hermes/projects/dors-variation-image-library-viewer/archive-images/general-0e44b748c4aae1f7.png,no,general-0e44b748c4aae1f7,,general-0e44b748c4aae1f7 | opening_system_or_technical,raw_id,embedded image asset extracted from PDF,,28,,,dors-general-catalogue-250605.pdf,general-0e44b748c4aae1f7,opening_system_or_technical,827
opening_system_or_technical,28,174,general-7934634ec871cfcb,/home/claw/.hermes/projects/dors-variation-image-library-viewer/archive-images/general-7934634ec871cfcb.png,no,general-7934634ec871cfcb,,general-7934634ec871cfcb | opening_system_or_technical,raw_id,embedded image asset extracted from PDF,,28,,,dors-general-catalogue-250605.pdf,general-7934634ec871cfcb,opening_system_or_technical,260
opening_system_or_technical,28,174,general-95ae56c83e82b64d,/home/claw/.hermes/projects/dors-variation-image-library-viewer/archive-images/general-95ae56c83e82b64d.png,no,general-95ae56c83e82b64d,,general-95ae56c83e82b64d | opening_system_or_technical,raw_id,embedded image asset extracted from PDF,,28,,,dors-general-catalogue-250605.pdf,general-95ae56c83e82b64d,opening_system_or_technical,259
opening_system_or_technical,29,99,general-749ab0fb52638c29,/home/claw/.hermes/projects/dors-variation-image-library-viewer/archive-images/general-749ab0fb52638c29.png,no,general-749ab0fb52638c29,,general-749ab0fb52638c29 | opening_system_or_technical,raw_id,embedded image asset extracted from PDF,,29,,,dors-general-catalogue-250605.pdf,general-749ab0fb52638c29,opening_system_or_technical,211
opening_system_or_technical,29,859,general-833ef5de41f28609,/home/claw/.hermes/projects/dors-variation-image-library-viewer/archive-images/general-833ef5de41f28609.png,no,general-833ef5de41f28609,,general-833ef5de41f28609 | opening_system_or_technical,raw_id,embedded image asset extracted from PDF,,29,,,dors-general-catalogue-250605.pdf,general-833ef5de41f28609,opening_system_or_technical,544
opening_system_or_technical,29,661,general-8a0ae1cce47cd802,/home/claw/.hermes/projects/dors-variation-image-library-viewer/archive-images/general-8a0ae1cce47cd802.png,no,general-8a0ae1cce47cd802,,general-8a0ae1cce47cd802 | opening_system_or_technical,raw_id,embedded image asset extracted from PDF,,29,,,dors-general-catalogue-250605.pdf,general-8a0ae1cce47cd802,opening_system_or_technical,503
opening_system_or_technical,29,858,general-c6108a99f5ca5d94,/home/claw/.hermes/projects/dors-variation-image-library-viewer/archive-images/general-c6108a99f5ca5d94.png,no,general-c6108a99f5ca5d94,,general-c6108a99f5ca5d94 | opening_system_or_technical,raw_id,embedded image asset extracted from PDF,,29,,,dors-general-catalogue-250605.pdf,general-c6108a99f5ca5d94,opening_system_or_technical,544
opening_system_or_technical,33,444,general-244b88f1998e3648,/home/claw/.hermes/projects/dors-variation-image-library-viewer/archive-images/general-244b88f1998e3648.png,no,general-244b88f1998e3648,,general-244b88f1998e3648 | opening_system_or_technical,raw_id,embedded image asset extracted from PDF,,33,,,dors-general-catalogue-250605.pdf,general-244b88f1998e3648,opening_system_or_technical,543
opening_system_or_technical,33,439,general-4701ed9b9108fbed,/home/claw/.hermes/projects/dors-variation-image-library-viewer/archive-images/general-4701ed9b9108fbed.png,no,general-4701ed9b9108fbed,,general-4701ed9b9108fbed | opening_system_or_technical,raw_id,embedded image asset extracted from PDF,,33,,,dors-general-catalogue-250605.pdf,general-4701ed9b9108fbed,opening_system_or_technical,539
opening_system_or_technical,33,445,general-47eb5304063fc698,/home/claw/.hermes/projects/dors-variation-image-library-viewer/archive-images/general-47eb5304063fc698.png,no,general-47eb5304063fc698,,general-47eb5304063fc698 | opening_system_or_technical,raw_id,embedded image asset extracted from PDF,,33,,,dors-general-catalogue-250605.pdf,general-47eb5304063fc698,opening_system_or_technical,543
opening_system_or_technical,33,438,general-536fb4a8b9478f09,/home/claw/.hermes/projects/dors-variation-image-library-viewer/archive-images/general-536fb4a8b9478f09.png,no,general-536fb4a8b9478f09,,general-536fb4a8b9478f09 | opening_system_or_technical,raw_id,embedded image asset extracted from PDF,,33,,,dors-general-catalogue-250605.pdf,general-536fb4a8b9478f09,opening_system_or_technical,541
opening_system_or_technical,33,438,general-710d812d0beaf211,/home/claw/.hermes/projects/dors-variation-image-library-viewer/archive-images/general-710d812d0beaf211.png,no,general-710d812d0beaf211,,general-710d812d0beaf211 | opening_system_or_technical,raw_id,embedded image asset extracted from PDF,,33,,,dors-general-catalogue-250605.pdf,general-710d812d0beaf211,opening_system_or_technical,543
opening_system_or_technical,33,438,general-b6c40a3be96d80b4,/home/claw/.hermes/projects/dors-variation-image-library-viewer/archive-images/general-b6c40a3be96d80b4.png,no,general-b6c40a3be96d80b4,,general-b6c40a3be96d80b4 | opening_system_or_technical,raw_id,embedded image asset extracted from PDF,,33,,,dors-general-catalogue-250605.pdf,general-b6c40a3be96d80b4,opening_system_or_technical,543
finish_swatch,35,97,general-0a0030d4434b8110,/home/claw/.hermes/projects/dors-variation-image-library-viewer/archive-images/general-0a0030d4434b8110.png,no,willy,general-handle-programme,Willy | general-handle-programme | named_handle_visual,ordered_from_ocr,embedded image asset extracted from PDF,General catalogue swatches / handle spread,35,Interior handle programme,Cleur brand palette,dors-general-catalogue-250605.pdf,Willy,named_handle_visual,245
finish_swatch,35,115,general-35122217651dbc1a,/home/claw/.hermes/projects/dors-variation-image-library-viewer/archive-images/general-35122217651dbc1a.png,no,willy alu,general-handle-programme,Willy Alu | general-handle-programme | named_handle_visual,ordered_from_ocr,embedded image asset extracted from PDF,General catalogue swatches / handle spread,35,Interior handle programme,Cleur brand palette,dors-general-catalogue-250605.pdf,Willy Alu,named_handle_visual,260
finish_swatch,35,103,general-41d293ca2c88ac2a,/home/claw/.hermes/projects/dors-variation-image-library-viewer/archive-images/general-41d293ca2c88ac2a.png,no,orione alu,general-handle-programme,Orione Alu | general-handle-programme | named_handle_visual,ordered_from_ocr,embedded image asset extracted from PDF,General catalogue swatches / handle spread,35,Interior handle programme,Cleur brand palette,dors-general-catalogue-250605.pdf,Orione Alu,named_handle_visual,255
finish_swatch,35,114,general-4bb3af40fee28183,/home/claw/.hermes/projects/dors-variation-image-library-viewer/archive-images/general-4bb3af40fee28183.png,no,orione,general-handle-programme,Orione | general-handle-programme | named_handle_visual,ordered_from_ocr,embedded image asset extracted from PDF,General catalogue swatches / handle spread,35,Interior handle programme,Cleur brand palette,dors-general-catalogue-250605.pdf,Orione,named_handle_visual,244
finish_swatch,35,118,general-5791490252570d13,/home/claw/.hermes/projects/dors-variation-image-library-viewer/archive-images/general-5791490252570d13.png,no,economy - tondo,general-handle-programme,Economy — Tondo | general-handle-programme | named_handle_visual,ordered_from_ocr,embedded image asset extracted from PDF,General catalogue swatches / handle spread,35,Interior handle programme,Cleur brand palette,dors-general-catalogue-250605.pdf,Economy — Tondo,named_handle_visual,260
finish_swatch,35,91,general-5c4e3a16fe956f03,/home/claw/.hermes/projects/dors-variation-image-library-viewer/archive-images/general-5c4e3a16fe956f03.png,no,economy - quadro,general-handle-programme,Economy — Quadro | general-handle-programme | named_handle_visual,ordered_from_ocr,embedded image asset extracted from PDF,General catalogue swatches / handle spread,35,Interior handle programme,Cleur brand palette,dors-general-catalogue-250605.pdf,Economy — Quadro,named_handle_visual,186
finish_swatch,35,108,general-64eb7632e03feeee,/home/claw/.hermes/projects/dors-variation-image-library-viewer/archive-images/general-64eb7632e03feeee.png,no,circular,general-handle-programme,Circular | general-handle-programme | named_handle_visual,ordered_from_ocr,embedded image asset extracted from PDF,General catalogue swatches / handle spread,35,Interior handle programme,Cleur brand palette,dors-general-catalogue-250605.pdf,Circular,named_handle_visual,233
finish_swatch,35,103,general-6b96de32f7003071,/home/claw/.hermes/projects/dors-variation-image-library-viewer/archive-images/general-6b96de32f7003071.png,no,ibla,general-handle-programme,Ibla | general-handle-programme | named_handle_visual,ordered_from_ocr,embedded image asset extracted from PDF,General catalogue swatches / handle spread,35,Interior handle programme,Cleur brand palette,dors-general-catalogue-250605.pdf,Ibla,named_handle_visual,248
finish_swatch,35,105,general-7b52ea3829a6b212,/home/claw/.hermes/projects/dors-variation-image-library-viewer/archive-images/general-7b52ea3829a6b212.png,no,leroi,general-handle-programme,Leroi | general-handle-programme | named_handle_visual,ordered_from_ocr,embedded image asset extracted from PDF,General catalogue swatches / handle spread,35,Interior handle programme,Cleur brand palette,dors-general-catalogue-250605.pdf,Leroi,named_handle_visual,240
finish_swatch,35,102,general-7bde015760cc6a7e,/home/claw/.hermes/projects/dors-variation-image-library-viewer/archive-images/general-7bde015760cc6a7e.png,no,impero,general-handle-programme,Impero | general-handle-programme | named_handle_visual,ordered_from_ocr,embedded image asset extracted from PDF,General catalogue swatches / handle spread,35,Interior handle programme,Cleur brand palette,dors-general-catalogue-250605.pdf,Impero,named_handle_visual,220
finish_swatch,35,114,general-80301094dd9cdb4c,/home/claw/.hermes/projects/dors-variation-image-library-viewer/archive-images/general-80301094dd9cdb4c.png,no,quadra 2 h6,general-handle-programme,Quadra 2 H6 | general-handle-programme | named_handle_visual,ordered_from_ocr,embedded image asset extracted from PDF,General catalogue swatches / handle spread,35,Interior handle programme,Cleur brand palette,dors-general-catalogue-250605.pdf,Quadra 2 H6,named_handle_visual,250
finish_swatch,35,114,general-8e7152885ff08981,/home/claw/.hermes/projects/dors-variation-image-library-viewer/archive-images/general-8e7152885ff08981.png,no,one q h6,general-handle-programme,One Q H6 | general-handle-programme | named_handle_visual,ordered_from_ocr,embedded image asset extracted from PDF,General catalogue swatches / handle spread,35,Interior handle programme,Cleur brand palette,dors-general-catalogue-250605.pdf,One Q H6,named_handle_visual,255
finish_swatch,35,114,general-90876c9e5a855c0e,/home/claw/.hermes/projects/dors-variation-image-library-viewer/archive-images/general-90876c9e5a855c0e.png,no,square h6,general-handle-programme,Square H6 | general-handle-programme | named_handle_visual,ordered_from_ocr,embedded image asset extracted from PDF,General catalogue swatches / handle spread,35,Interior handle programme,Cleur brand palette,dors-general-catalogue-250605.pdf,Square H6,named_handle_visual,251
finish_swatch,35,106,general-9c869c8e8e99bafb,/home/claw/.hermes/projects/dors-variation-image-library-viewer/archive-images/general-9c869c8e8e99bafb.png,no,fair,general-handle-programme,Fair | general-handle-programme | named_handle_visual,ordered_from_ocr,embedded image asset extracted from PDF,General catalogue swatches / handle spread,35,Interior handle programme,Cleur brand palette,dors-general-catalogue-250605.pdf,Fair,named_handle_visual,236
finish_swatch,35,126,general-a358598b48b2483c,/home/claw/.hermes/projects/dors-variation-image-library-viewer/archive-images/general-a358598b48b2483c.png,no,insert q,general-handle-programme,Insert Q | general-handle-programme | named_handle_visual,ordered_from_ocr,embedded image asset extracted from PDF,General catalogue swatches / handle spread,35,Interior handle programme,Cleur brand palette,dors-general-catalogue-250605.pdf,Insert Q,named_handle_visual,244
finish_swatch,35,136,general-aa085a666c9a06ee,/home/claw/.hermes/projects/dors-variation-image-library-viewer/archive-images/general-aa085a666c9a06ee.png,no,teck 2,general-handle-programme,Teck 2 | general-handle-programme | named_handle_visual,ordered_from_ocr,embedded image asset extracted from PDF,General catalogue swatches / handle spread,35,Interior handle programme,Cleur brand palette,dors-general-catalogue-250605.pdf,Teck 2,named_handle_visual,260
finish_swatch,35,92,general-c435cf02b55631ba,/home/claw/.hermes/projects/dors-variation-image-library-viewer/archive-images/general-c435cf02b55631ba.png,no,kind q h6,general-handle-programme,Kind Q H6 | general-handle-programme | named_handle_visual,ordered_from_ocr,embedded image asset extracted from PDF,General catalogue swatches / handle spread,35,Interior handle programme,Cleur brand palette,dors-general-catalogue-250605.pdf,Kind Q H6,named_handle_visual,244
finish_swatch,35,91,general-c5ca5b19b2219175,/home/claw/.hermes/projects/dors-variation-image-library-viewer/archive-images/general-c5ca5b19b2219175.png,no,next,general-handle-programme,Next | general-handle-programme | named_handle_visual,ordered_from_ocr,embedded image asset extracted from PDF,General catalogue swatches / handle spread,35,Interior handle programme,Cleur brand palette,dors-general-catalogue-250605.pdf,Next,named_handle_visual,184
finish_swatch,35,113,general-c782d2f6235ea58d,/home/claw/.hermes/projects/dors-variation-image-library-viewer/archive-images/general-c782d2f6235ea58d.png,no,torque,general-handle-programme,Torque | general-handle-programme | named_handle_visual,ordered_from_ocr,embedded image asset extracted from PDF,General catalogue swatches / handle spread,35,Interior handle programme,Cleur brand palette,dors-general-catalogue-250605.pdf,Torque,named_handle_visual,250
finish_swatch,35,108,general-dbe1716af36abfa5,/home/claw/.hermes/projects/dors-variation-image-library-viewer/archive-images/general-dbe1716af36abfa5.png,no,galaxy,general-handle-programme,Galaxy | general-handle-programme | named_handle_visual,ordered_from_ocr,embedded image asset extracted from PDF,General catalogue swatches / handle spread,35,Interior handle programme,Cleur brand palette,dors-general-catalogue-250605.pdf,Galaxy,named_handle_visual,233
finish_swatch,35,86,general-e20635ea0cb0da8e,/home/claw/.hermes/projects/dors-variation-image-library-viewer/archive-images/general-e20635ea0cb0da8e.png,no,pattern,general-handle-programme,Pattern | general-handle-programme | named_handle_visual,ordered_from_ocr,embedded image asset extracted from PDF,General catalogue swatches / handle spread,35,Interior handle programme,Cleur brand palette,dors-general-catalogue-250605.pdf,Pattern,named_handle_visual,217
finish_swatch,35,115,general-e27afacf112175e6,/home/claw/.hermes/projects/dors-variation-image-library-viewer/archive-images/general-e27afacf112175e6.png,no,onda,general-handle-programme,Onda | general-handle-programme | named_handle_visual,ordered_from_ocr,embedded image asset extracted from PDF,General catalogue swatches / handle spread,35,Interior handle programme,Cleur brand palette,dors-general-catalogue-250605.pdf,Onda,named_handle_visual,244
finish_swatch,35,108,general-e6189283f35b8789,/home/claw/.hermes/projects/dors-variation-image-library-viewer/archive-images/general-e6189283f35b8789.png,no,general-e6189283f35b8789,,general-e6189283f35b8789 | finish_swatch,raw_id,embedded image asset extracted from PDF,General catalogue swatches / handle spread,35,Interior handle programme,Cleur brand palette,dors-general-catalogue-250605.pdf,general-e6189283f35b8789,finish_swatch,255
blindata_visual,37,929,general-80646dfa75fd6e78,/home/claw/.hermes/projects/dors-variation-image-library-viewer/archive-images/general-80646dfa75fd6e78.png,no,general-80646dfa75fd6e78,,general-80646dfa75fd6e78 | blindata_visual,raw_id,embedded image asset extracted from PDF,,37,,,dors-general-catalogue-250605.pdf,general-80646dfa75fd6e78,blindata_visual,658
hardware_accessory,38,142,general-08030c36998eda97,/home/claw/.hermes/projects/dors-variation-image-library-viewer/archive-images/general-08030c36998eda97.png,no,borchietta interna,blindata-accessories,Borchietta interna | blindata-accessories | named_hardware_accessory,ordered_from_ocr_best_effort,embedded image asset extracted from PDF,Blindata hardware accessories,38,Blindata hardware / accessories,,dors-general-catalogue-250605.pdf,Borchietta interna,named_hardware_accessory,165
hardware_accessory,38,155,general-102f18355e5cc603,/home/claw/.hermes/projects/dors-variation-image-library-viewer/archive-images/general-102f18355e5cc603.png,no,pomo,blindata-accessories,Pomo | blindata-accessories | named_hardware_accessory,ordered_from_ocr_best_effort,embedded image asset extracted from PDF,Blindata hardware accessories,38,Blindata hardware / accessories,,dors-general-catalogue-250605.pdf,Pomo,named_hardware_accessory,205
hardware_accessory,38,939,general-26188377085f7110,/home/claw/.hermes/projects/dors-variation-image-library-viewer/archive-images/general-26188377085f7110.png,no,porta blindata basic singola - anta-telaio,blindata-accessories,Porta blindata basic singola — anta/telaio | blindata-accessories | named_hardware_accessory,ordered_from_ocr_best_effort,embedded image asset extracted from PDF,Blindata hardware accessories,38,Blindata hardware / accessories,,dors-general-catalogue-250605.pdf,Porta blindata basic singola — anta/telaio,named_hardware_accessory,544
hardware_accessory,38,151,general-3996688dacecb9ce,/home/claw/.hermes/projects/dors-variation-image-library-viewer/archive-images/general-3996688dacecb9ce.png,no,defender,blindata-accessories,Defender | blindata-accessories | named_hardware_accessory,ordered_from_ocr_best_effort,embedded image asset extracted from PDF,Blindata hardware accessories,38,Blindata hardware / accessories,,dors-general-catalogue-250605.pdf,Defender,named_hardware_accessory,165
hardware_accessory,38,363,general-5be04a02e307c23f,/home/claw/.hermes/projects/dors-variation-image-library-viewer/archive-images/general-5be04a02e307c23f.png,no,limitatore apertura,blindata-accessories,Limitatore apertura | blindata-accessories | named_hardware_accessory,ordered_from_ocr_best_effort,embedded image asset extracted from PDF,Blindata hardware accessories,38,Blindata hardware / accessories,,dors-general-catalogue-250605.pdf,Limitatore apertura,named_hardware_accessory,153
hardware_accessory,38,151,general-8b841d7110170d75,/home/claw/.hermes/projects/dors-variation-image-library-viewer/archive-images/general-8b841d7110170d75.png,no,maniglia interna,blindata-accessories,Maniglia interna | blindata-accessories | named_hardware_accessory,ordered_from_ocr_best_effort,embedded image asset extracted from PDF,Blindata hardware accessories,38,Blindata hardware / accessories,,dors-general-catalogue-250605.pdf,Maniglia interna,named_hardware_accessory,165
hardware_accessory,38,151,general-8eb387a4ea1e2584,/home/claw/.hermes/projects/dors-variation-image-library-viewer/archive-images/general-8eb387a4ea1e2584.png,no,maniglione,blindata-accessories,Maniglione | blindata-accessories | named_hardware_accessory,ordered_from_ocr_best_effort,embedded image asset extracted from PDF,Blindata hardware accessories,38,Blindata hardware / accessories,,dors-general-catalogue-250605.pdf,Maniglione,named_hardware_accessory,165
hardware_accessory,38,786,general-c885ed2600c88f62,/home/claw/.hermes/projects/dors-variation-image-library-viewer/archive-images/general-c885ed2600c88f62.png,no,spioncino grandangolare,blindata-accessories,Spioncino grandangolare | blindata-accessories | named_hardware_accessory,ordered_from_ocr_best_effort,embedded image asset extracted from PDF,Blindata hardware accessories,38,Blindata hardware / accessories,,dors-general-catalogue-250605.pdf,Spioncino grandangolare,named_hardware_accessory,342
hardware_accessory,38,155,general-ee7ea6baad4acf0c,/home/claw/.hermes/projects/dors-variation-image-library-viewer/archive-images/general-ee7ea6baad4acf0c.png,no,defender con vaschetta antishock,blindata-accessories,Defender con vaschetta antishock | blindata-accessories | named_hardware_accessory,ordered_from_ocr_best_effort,embedded image asset extracted from PDF,Blindata hardware accessories,38,Blindata hardware / accessories,,dors-general-catalogue-250605.pdf,Defender con vaschetta antishock,named_hardware_accessory,205
hardware_accessory,39,933,general-17108d8fc61f98c6,/home/claw/.hermes/projects/dors-variation-image-library-viewer/archive-images/general-17108d8fc61f98c6.png,no,general-17108d8fc61f98c6,,general-17108d8fc61f98c6 | hardware_accessory,raw_id,embedded image asset extracted from PDF,,39,Hardware / accessory visual,,dors-general-catalogue-250605.pdf,general-17108d8fc61f98c6,hardware_accessory,544
hardware_accessory,39,786,general-48c19ab403512f74,/home/claw/.hermes/projects/dors-variation-image-library-viewer/archive-images/general-48c19ab403512f74.png,no,general-48c19ab403512f74,,general-48c19ab403512f74 | hardware_accessory,raw_id,embedded image asset extracted from PDF,,39,Hardware / accessory visual,,dors-general-catalogue-250605.pdf,general-48c19ab403512f74,hardware_accessory,461
hardware_accessory,40,786,general-0e0d7db1ba8ed8d3,/home/claw/.hermes/projects/dors-variation-image-library-viewer/archive-images/general-0e0d7db1ba8ed8d3.png,no,general-0e0d7db1ba8ed8d3,,general-0e0d7db1ba8ed8d3 | hardware_accessory,raw_id,embedded image asset extracted from PDF,,40,Hardware / accessory visual,,dors-general-catalogue-250605.pdf,general-0e0d7db1ba8ed8d3,hardware_accessory,343
hardware_accessory,40,943,general-b64fce930040842f,/home/claw/.hermes/projects/dors-variation-image-library-viewer/archive-images/general-b64fce930040842f.png,no,general-b64fce930040842f,,general-b64fce930040842f | hardware_accessory,raw_id,embedded image asset extracted from PDF,,40,Hardware / accessory visual,,dors-general-catalogue-250605.pdf,general-b64fce930040842f,hardware_accessory,544
hardware_accessory,40,786,general-cb44f2179340ea80,/home/claw/.hermes/projects/dors-variation-image-library-viewer/archive-images/general-cb44f2179340ea80.png,no,general-cb44f2179340ea80,,general-cb44f2179340ea80 | hardware_accessory,raw_id,embedded image asset extracted from PDF,,40,Hardware / accessory visual,,dors-general-catalogue-250605.pdf,general-cb44f2179340ea80,hardware_accessory,461
blindata_visual,41,507,general-135916c51076efec,/home/claw/.hermes/projects/dors-variation-image-library-viewer/archive-images/general-135916c51076efec.png,no,general-135916c51076efec,,general-135916c51076efec | blindata_visual,raw_id,embedded image asset extracted from PDF,,41,,,dors-general-catalogue-250605.pdf,general-135916c51076efec,blindata_visual,223
blindata_visual,41,510,general-2bda59459771eebf,/home/claw/.hermes/projects/dors-variation-image-library-viewer/archive-images/general-2bda59459771eebf.png,no,general-2bda59459771eebf,,general-2bda59459771eebf | blindata_visual,raw_id,embedded image asset extracted from PDF,,41,,,dors-general-catalogue-250605.pdf,general-2bda59459771eebf,blindata_visual,224
blindata_visual,41,519,general-52dd3652e592ff9b,/home/claw/.hermes/projects/dors-variation-image-library-viewer/archive-images/general-52dd3652e592ff9b.png,no,general-52dd3652e592ff9b,,general-52dd3652e592ff9b | blindata_visual,raw_id,embedded image asset extracted from PDF,,41,,,dors-general-catalogue-250605.pdf,general-52dd3652e592ff9b,blindata_visual,226
blindata_visual,41,519,general-73ee43844fc1b70f,/home/claw/.hermes/projects/dors-variation-image-library-viewer/archive-images/general-73ee43844fc1b70f.png,no,general-73ee43844fc1b70f,,general-73ee43844fc1b70f | blindata_visual,raw_id,embedded image asset extracted from PDF,,41,,,dors-general-catalogue-250605.pdf,general-73ee43844fc1b70f,blindata_visual,226
blindata_visual,41,507,general-7c7163fe9e832eaa,/home/claw/.hermes/projects/dors-variation-image-library-viewer/archive-images/general-7c7163fe9e832eaa.png,no,general-7c7163fe9e832eaa,,general-7c7163fe9e832eaa | blindata_visual,raw_id,embedded image asset extracted from PDF,,41,,,dors-general-catalogue-250605.pdf,general-7c7163fe9e832eaa,blindata_visual,226
blindata_visual,41,507,general-819262f1b8650762,/home/claw/.hermes/projects/dors-variation-image-library-viewer/archive-images/general-819262f1b8650762.png,no,general-819262f1b8650762,,general-819262f1b8650762 | blindata_visual,raw_id,embedded image asset extracted from PDF,,41,,,dors-general-catalogue-250605.pdf,general-819262f1b8650762,blindata_visual,225
blindata_visual,41,519,general-ba78e93cf975b3a4,/home/claw/.hermes/projects/dors-variation-image-library-viewer/archive-images/general-ba78e93cf975b3a4.png,no,general-ba78e93cf975b3a4,,general-ba78e93cf975b3a4 | blindata_visual,raw_id,embedded image asset extracted from PDF,,41,,,dors-general-catalogue-250605.pdf,general-ba78e93cf975b3a4,blindata_visual,226
blindata_visual,41,511,general-fa4f101a6a955481,/home/claw/.hermes/projects/dors-variation-image-library-viewer/archive-images/general-fa4f101a6a955481.png,no,general-fa4f101a6a955481,,general-fa4f101a6a955481 | blindata_visual,raw_id,embedded image asset extracted from PDF,,41,,,dors-general-catalogue-250605.pdf,general-fa4f101a6a955481,blindata_visual,223
blindata_visual,41,511,general-fabfa2d5b3152504,/home/claw/.hermes/projects/dors-variation-image-library-viewer/archive-images/general-fabfa2d5b3152504.png,no,general-fabfa2d5b3152504,,general-fabfa2d5b3152504 | blindata_visual,raw_id,embedded image asset extracted from PDF,,41,,,dors-general-catalogue-250605.pdf,general-fabfa2d5b3152504,blindata_visual,223
finish_swatch,42,1126,general-cd7746a9ee5b2f5e,/home/claw/.hermes/projects/dors-variation-image-library-viewer/archive-images/general-cd7746a9ee5b2f5e.png,no,general-finish-colour-board,general-finish-board,General catalogue finish / colour board | Cleur brand palette | Lamina finish palette,page_level,embedded image asset extracted from PDF,,42,,Palette / swatch visual,dors-general-catalogue-250605.pdf,General catalogue finish / colour board,colour_board,910
catalogue_visual,14,301,listino-d6e7e64e0ebe8eb9,/home/claw/.hermes/projects/dors-variation-image-library-viewer/archive-images/listino-d6e7e64e0ebe8eb9.png,no,listino-d6e7e64e0ebe8eb9,,listino-d6e7e64e0ebe8eb9 | catalogue_visual,raw_id,embedded image asset extracted from PDF,,14,,,dors-listino-260401.pdf,listino-d6e7e64e0ebe8eb9,catalogue_visual,305
opening_system_or_technical,16,301,listino-614dd0e878ac36b0,/home/claw/.hermes/projects/dors-variation-image-library-viewer/archive-images/listino-614dd0e878ac36b0.png,no,listino-614dd0e878ac36b0,,listino-614dd0e878ac36b0 | opening_system_or_technical,raw_id,embedded image asset extracted from PDF,,16,,,dors-listino-260401.pdf,listino-614dd0e878ac36b0,opening_system_or_technical,305
catalogue_visual,18,301,listino-821b13c785299fe5,/home/claw/.hermes/projects/dors-variation-image-library-viewer/archive-images/listino-821b13c785299fe5.png,no,listino-821b13c785299fe5,,listino-821b13c785299fe5 | catalogue_visual,raw_id,embedded image asset extracted from PDF,,18,,,dors-listino-260401.pdf,listino-821b13c785299fe5,catalogue_visual,305
opening_system_or_technical,70,301,listino-88b1c3f24b038eed,/home/claw/.hermes/projects/dors-variation-image-library-viewer/archive-images/listino-88b1c3f24b038eed.png,no,listino-88b1c3f24b038eed,,listino-88b1c3f24b038eed | opening_system_or_technical,raw_id,embedded image asset extracted from PDF,,70,,,dors-listino-260401.pdf,listino-88b1c3f24b038eed,opening_system_or_technical,305
opening_system_or_technical,72,300,listino-b4bb72c2d649e23b,/home/claw/.hermes/projects/dors-variation-image-library-viewer/archive-images/listino-b4bb72c2d649e23b.png,no,listino-b4bb72c2d649e23b,,listino-b4bb72c2d649e23b | opening_system_or_technical,raw_id,embedded image asset extracted from PDF,,72,,,dors-listino-260401.pdf,listino-b4bb72c2d649e23b,opening_system_or_technical,305
blindata_visual,83,198,listino-05bcdb28e5e0109f,/home/claw/.hermes/projects/dors-variation-image-library-viewer/archive-images/listino-05bcdb28e5e0109f.png,no,listino-05bcdb28e5e0109f,,listino-05bcdb28e5e0109f | blindata_visual,raw_id,embedded image asset extracted from PDF,,83,,,dors-listino-260401.pdf,listino-05bcdb28e5e0109f,blindata_visual,87
blindata_visual,83,201,listino-43aed61c30324ddf,/home/claw/.hermes/projects/dors-variation-image-library-viewer/archive-images/listino-43aed61c30324ddf.png,no,listino-43aed61c30324ddf,,listino-43aed61c30324ddf | blindata_visual,raw_id,embedded image asset extracted from PDF,,83,,,dors-listino-260401.pdf,listino-43aed61c30324ddf,blindata_visual,88
blindata_visual,83,198,listino-455f1d8d77681912,/home/claw/.hermes/projects/dors-variation-image-library-viewer/archive-images/listino-455f1d8d77681912.png,no,listino-455f1d8d77681912,,listino-455f1d8d77681912 | blindata_visual,raw_id,embedded image asset extracted from PDF,,83,,,dors-listino-260401.pdf,listino-455f1d8d77681912,blindata_visual,87
blindata_visual,83,198,listino-4adb02ba644af651,/home/claw/.hermes/projects/dors-variation-image-library-viewer/archive-images/listino-4adb02ba644af651.png,no,listino-4adb02ba644af651,,listino-4adb02ba644af651 | blindata_visual,raw_id,embedded image asset extracted from PDF,,83,,,dors-listino-260401.pdf,listino-4adb02ba644af651,blindata_visual,87
blindata_visual,83,198,listino-56a41d915d429035,/home/claw/.hermes/projects/dors-variation-image-library-viewer/archive-images/listino-56a41d915d429035.png,no,listino-56a41d915d429035,,listino-56a41d915d429035 | blindata_visual,raw_id,embedded image asset extracted from PDF,,83,,,dors-listino-260401.pdf,listino-56a41d915d429035,blindata_visual,87
blindata_visual,83,200,listino-6b48cdf2729308b1,/home/claw/.hermes/projects/dors-variation-image-library-viewer/archive-images/listino-6b48cdf2729308b1.png,no,listino-6b48cdf2729308b1,,listino-6b48cdf2729308b1 | blindata_visual,raw_id,embedded image asset extracted from PDF,,83,,,dors-listino-260401.pdf,listino-6b48cdf2729308b1,blindata_visual,88
blindata_visual,83,199,listino-9a2985e4d53bd44b,/home/claw/.hermes/projects/dors-variation-image-library-viewer/archive-images/listino-9a2985e4d53bd44b.png,no,listino-9a2985e4d53bd44b,,listino-9a2985e4d53bd44b | blindata_visual,raw_id,embedded image asset extracted from PDF,,83,,,dors-listino-260401.pdf,listino-9a2985e4d53bd44b,blindata_visual,89
blindata_visual,83,199,listino-d522115b56ab1350,/home/claw/.hermes/projects/dors-variation-image-library-viewer/archive-images/listino-d522115b56ab1350.png,no,listino-d522115b56ab1350,,listino-d522115b56ab1350 | blindata_visual,raw_id,embedded image asset extracted from PDF,,83,,,dors-listino-260401.pdf,listino-d522115b56ab1350,blindata_visual,89
blindata_visual,83,201,listino-fcd622febb7b5c1a,/home/claw/.hermes/projects/dors-variation-image-library-viewer/archive-images/listino-fcd622febb7b5c1a.png,no,listino-fcd622febb7b5c1a,,listino-fcd622febb7b5c1a | blindata_visual,raw_id,embedded image asset extracted from PDF,,83,,,dors-listino-260401.pdf,listino-fcd622febb7b5c1a,blindata_visual,88
